system,factor,level,score,model,temperature
short,question,q01,0,llama3.2:3b,0
long,question,q01,0,llama3.2:3b,0
short,question,q02,1,llama3.2:3b,0
long,question,q02,1,llama3.2:3b,0
short,question,q03,1,llama3.2:3b,0
long,question,q03,1,llama3.2:3b,0
short,question,q04,0,llama3.2:3b,0
long,question,q04,0,llama3.2:3b,0
short,question,q05,1,llama3.2:3b,0
long,question,q05,1,llama3.2:3b,0
short,question,q06,1,llama3.2:3b,0
long,question,q06,1,llama3.2:3b,0
short,question,q07,1,llama3.2:3b,0
long,question,q07,1,llama3.2:3b,0
short,question,q08,0,llama3.2:3b,0
long,question,q08,0,llama3.2:3b,0
short,question,q09,1,llama3.2:3b,0
long,question,q09,1,llama3.2:3b,0
short,question,q10,1,llama3.2:3b,0
long,question,q10,1,llama3.2:3b,0
short,question,q11,0,llama3.2:3b,0
long,question,q11,0,llama3.2:3b,0
short,question,q12,1,llama3.2:3b,0
long,question,q12,1,llama3.2:3b,0
short,question,q13,1,llama3.2:3b,0
long,question,q13,1,llama3.2:3b,0
short,question,q14,1,llama3.2:3b,0
long,question,q14,1,llama3.2:3b,0
short,question,q15,1,llama3.2:3b,0
long,question,q15,1,llama3.2:3b,0
short,question,q16,1,llama3.2:3b,0
long,question,q16,1,llama3.2:3b,0
short,question,q17,1,llama3.2:3b,0
long,question,q17,1,llama3.2:3b,0
short,question,q18,1,llama3.2:3b,0
long,question,q18,1,llama3.2:3b,0
short,question,q19,0,llama3.2:3b,0
long,question,q19,0,llama3.2:3b,0
short,question,q20,1,llama3.2:3b,0
long,question,q20,1,llama3.2:3b,0
short,question,q21,1,llama3.2:3b,0
long,question,q21,1,llama3.2:3b,0
short,question,q22,0,llama3.2:3b,0
long,question,q22,0,llama3.2:3b,0
short,question,q23,0,llama3.2:3b,0
long,question,q23,0,llama3.2:3b,0
short,question,q24,1,llama3.2:3b,0
long,question,q24,1,llama3.2:3b,0
