system,factor,level,score
logreg,split,0,0.7884615384615384
tree,split,0,0.75
logreg,split,1,0.7692307692307693
tree,split,1,0.6538461538461539
logreg,split,2,0.75
tree,split,2,0.7692307692307693
logreg,split,3,0.75
tree,split,3,0.7692307692307693
logreg,split,4,0.8269230769230769
tree,split,4,0.7692307692307693
logreg,split,5,0.8076923076923077
tree,split,5,0.7115384615384616
logreg,split,6,0.8076923076923077
tree,split,6,0.75
logreg,split,7,0.7692307692307693
tree,split,7,0.7307692307692307
logreg,split,8,0.75
tree,split,8,0.6923076923076923
logreg,split,9,0.6538461538461539
tree,split,9,0.7884615384615384
logreg,seed,0,0.7884615384615384
tree,seed,0,0.75
logreg,seed,1,0.7884615384615384
tree,seed,1,0.75
logreg,seed,2,0.7884615384615384
tree,seed,2,0.75
logreg,seed,3,0.7884615384615384
tree,seed,3,0.7307692307692307
logreg,seed,4,0.7884615384615384
tree,seed,4,0.7115384615384616
logreg,seed,5,0.7884615384615384
tree,seed,5,0.7115384615384616
logreg,seed,6,0.7884615384615384
tree,seed,6,0.75
logreg,seed,7,0.7884615384615384
tree,seed,7,0.7115384615384616
logreg,seed,8,0.7884615384615384
tree,seed,8,0.75
logreg,seed,9,0.7884615384615384
tree,seed,9,0.75
